{"iter": 2000, "train/loss": 2.688678741455078, "val/loss": 2.7729101181030273, "lr": 0.0001, "mfu": 7.587848676996463, "_timestamp": 1702672417.2704656, "_runtime": 4889.665225505829, "_step": 8, "_wandb": {"runtime": 4890}}