{"iter": 500, "train/loss": 3.5784313678741455, "val/loss": 3.559607982635498, "lr": 0.0001, "mfu": 2.202408837573843, "_timestamp": 1702667150.4041302, "_runtime": 1248.2260203361511, "_step": 2, "_wandb": {"runtime": 1555}}