{"iter": 35, "train/loss": 2.188819408416748, "val/loss": 1.6045688390731812, "lr": 2e-05, "mfu": 1.781840835982456, "_timestamp": 1702251374.758209, "_runtime": 2177.699642896652, "_step": 7, "_wandb": {"runtime": 2415}}