{"iter": 130, "train/loss": 1.2835530042648315, "val/loss": 1.0477285385131836, "lr": 3e-05, "mfu": 1.2904118344754085, "_timestamp": 1702154303.5595448, "_runtime": 11010.816267728806, "_step": 26, "_wandb": {"runtime": 11421}}