{"iter": 35, "train/loss": 1.8253247737884521, "val/loss": 1.334533929824829, "lr": 0.0006, "mfu": 1.7774681209865462, "_timestamp": 1702254892.2057884, "_runtime": 2185.036526441574, "_step": 7, "_wandb": {"runtime": 2423}}