{"iter": 230, "train/loss": 2.342829704284668, "val/loss": 1.683996558189392, "lr": 3.45e-06, "mfu": 12.372160521332601, "_timestamp": 1702328879.8578777, "_runtime": 508.26071882247925, "_step": 46, "_wandb": {"runtime": 509}}