{"iter": 2000, "train/loss": 3.1497058868408203, "val/loss": 3.4319891929626465, "lr": 0.0001, "mfu": 1.9186430966920383, "_timestamp": 1701038005.6825843, "_runtime": 5149.937801361084, "_step": 8, "_wandb": {"runtime": 5500}}