{"iter": 1000, "train/loss": 3.1908695697784424, "val/loss": 3.193840265274048, "lr": 0.0001, "mfu": 7.307653828715205, "_timestamp": 1702685885.3054252, "_runtime": 2648.348064184189, "_step": 4, "_wandb": {"runtime": 2649}}