{"iter": 35, "train/loss": 2.6427805423736572, "val/loss": 2.0354528427124023, "lr": 5.25e-07, "mfu": 1.2851136359624327, "_timestamp": 1702306651.6397727, "_runtime": 3128.6663286685944, "_step": 7, "_wandb": {"runtime": 3459}}