{"iter": 25, "train/loss": 2.6794497966766357, "val/loss": 1.9452025890350342, "lr": 3.7499999999999997e-06, "mfu": 0.28666932768259884, "_timestamp": 1702409739.7605333, "_runtime": 6120.710914373398, "_step": 5, "_wandb": {"runtime": 7116}}