{"iter": 35, "train/loss": 2.119231700897217, "val/loss": 1.5450552701950073, "lr": 3e-05, "mfu": 1.714970050475273, "_timestamp": 1702157972.4636393, "_runtime": 2247.381102323532, "_step": 7, "_wandb": {"runtime": 2490}}