{"iter": 2000, "train/loss": 0.8224203586578369, "val/loss": 0.6614866256713867, "lr": 0.0001, "mfu": 14.459810614927104, "_timestamp": 1702064910.746981, "_runtime": 1600.005658864975, "_step": 8, "_wandb": {"runtime": 1602}}