{"iter": 150, "train/loss": 2.555250883102417, "val/loss": 1.7999776601791382, "lr": 2.25e-06, "mfu": 1.8134338171168243, "_timestamp": 1702310818.878197, "_runtime": 2346.225203037262, "_step": 30, "_wandb": {"runtime": 2403}}