{"iter": 0, "train/loss": 2.8621954917907715, "val/loss": 2.1125142574310303, "lr": 0.0, "mfu": -100.0, "_timestamp": 1702318372.3860652, "_runtime": 20.271971225738525, "_step": 0, "_wandb": {"runtime": 190}}