{"iter": 55, "train/loss": 2.677673816680908, "val/loss": 1.9866459369659424, "lr": 8.25e-07, "mfu": 0.40293929459444, "_timestamp": 1702339680.3508549, "_runtime": 9829.057951927185, "_step": 11, "_wandb": {"runtime": 10352}}