{"iter": 35, "train/loss": 2.239839553833008, "val/loss": 1.545898675918579, "lr": 3e-05, "mfu": -100.0, "_timestamp": 1702215898.4918613, "_runtime": 12.862986326217651, "_step": 0, "_wandb": {"runtime": 625}}