{"iter": 35, "train/loss": 2.066373348236084, "val/loss": 1.5035736560821533, "lr": 4e-05, "mfu": 1.7613116791561116, "_timestamp": 1702242695.1670203, "_runtime": 2205.00763630867, "_step": 7, "_wandb": {"runtime": 2445}}