{"iter": 1845, "train/loss": 1.8418452739715576, "val/loss": 1.2979882955551147, "lr": 2.7675000000000002e-05, "mfu": 7.227710375696295, "_timestamp": 1702327506.1293156, "_runtime": 842.7313895225525, "_step": 369, "_wandb": {"runtime": 842}}