{"iter": 20, "train/loss": 1.9541763067245483, "val/loss": 1.737871527671814, "lr": 3e-05, "mfu": 1.2416854364411916, "_timestamp": 1702070937.5273325, "_runtime": 1885.4233236312866, "_step": 4, "_wandb": {"runtime": 1970}}