{"iter": 0, "train/loss": 2.9081950187683105, "val/loss": 2.1175522804260254, "lr": 2e-05, "mfu": -100.0, "_timestamp": 1702252588.9291623, "_runtime": 12.370987176895142, "_step": 0, "_wandb": {"runtime": 62}}