{"iter": 75, "train/loss": 1.9894996881484985, "val/loss": 1.4268617630004883, "lr": 3e-05, "mfu": 0.5918980485993799, "_timestamp": 1702225594.8986182, "_runtime": 7173.952741146088, "_step": 8, "_wandb": {"runtime": 7529}}