{"iter": 150, "train/loss": 2.05594801902771, "val/loss": 1.4028215408325195, "lr": 3e-05, "mfu": 0.5149815002636062, "_timestamp": 1702238875.5372112, "_runtime": 8071.640682220459, "_step": 30, "_wandb": {"runtime": 8271}}