{"iter": 35, "train/loss": 2.149604320526123, "val/loss": 1.5704591274261475, "lr": 2.5e-05, "mfu": 1.7457236690386106, "_timestamp": 1702248635.37879, "_runtime": 2222.0797469615936, "_step": 7, "_wandb": {"runtime": 2464}}