{"iter": 115, "train/loss": 2.598107099533081, "val/loss": 1.8649095296859741, "lr": 1.725e-06, "mfu": 0.6282387660849515, "_timestamp": 1702325789.6725626, "_runtime": 6985.190514564514, "_step": 23, "_wandb": {"runtime": 7039}}