{"iter": 35, "train/loss": 2.088177442550659, "val/loss": 1.5200233459472656, "lr": 3.5e-05, "mfu": 1.7409254199721034, "_timestamp": 1702245825.8321533, "_runtime": 2234.7481303215027, "_step": 7, "_wandb": {"runtime": 2477}}